Ref_;Prec_
'104.003.0006
'104.003.0007
'104.003.0008
'104.003.0009
'104.003.0010
'104.003.0011
'104.003.0012
'104.003.0013
'104.003.0014
'104.003.0015
'104.003.0016
'104.003.0017
'104.003.0018
'104.003.0019
'104.003.0020
'104.003.0021
'104.003.0022
'104.002.0004
'104.002.0005
'104.002.0006
'104.002.0007
'104.002.0008
'104.002.0009
'104.002.0010
'104.002.0011
'104.002.0012
'104.002.0013
'104.002.0014
'104.002.0015
'104.002.0016
'104.002.0017
'104.002.0018
'104.002.0019
'104.002.0020
'104.002.0021
'104.002.0022
'104.002.0023
'104.002.0024
'104.002.0025
'104.002.0026
'104.002.0027
'104.002.0028
'104.002.0029
'104.002.0030
'104.002.0031
'104.002.0032
'104.002.0033
'104.002.0034
'104.002.0035
'104.002.0036
'104.002.0037
'104.003.0001
'104.003.0002
'104.003.0003
'104.003.0004
'104.003.0005
'104.003.0023
'104.003.0024
'104.003.0025
'104.003.0026
'104.003.0027
'104.003.0028
'104.003.0029
'104.003.0030
'104.003.0031
'104.003.0032
'104.003.0033
'104.003.0034
'104.003.0035
'104.003.0036
'104.003.0037
'104.003.0038
'104.003.0039
'104.003.0040
'104.003.0041
'104.003.0042
'104.003.0043
'104.004.0001
'104.004.0002
'104.004.0003
'104.004.0004
'104.004.0005
'104.004.0006
'104.004.0007
'104.005.0001
'104.005.0002
'104.006.0001
'104.006.0002
'104.006.0003
'104.006.0004
'104.006.0005
'104.006.0006
'104.006.0007
'104.006.0008
'104.006.0009
'104.006.0010
'104.006.0011
'104.007.0001
'104.007.0002
'104.007.0003
'104.007.0004
'104.007.0005
'104.007.0006
'104.007.0007
'104.007.0008
'104.007.0009
'104.007.0010
'104.007.0011
'104.007.0012
'104.007.0013
'104.007.0014
'104.007.0015
'104.007.0016
'104.007.0017
'104.007.0018
'104.007.0019
'104.007.0020
'104.007.0021
'104.007.0022
'104.007.0023
'104.007.0024
'104.007.0025
'104.008.0001
'104.008.0002
'104.008.0003
'104.009.0001
'104.011.0001
'104.014.0001
'104.014.0002
'104.014.0003
'104.014.0004
'104.014.0005
'104.015.0001
'104.015.0002
'104.015.0003
'104.015.0004
'104.015.0005
'104.015.0006
'104.015.0007
'104.015.0008
'104.015.0009
'104.015.0010
'104.015.0012
'104.015.0013
'104.015.0014
'104.015.0015
'104.015.0016
'104.019.0001
'104.019.0002
'104.019.0003
'104.019.0004
'104.019.0005
'104.019.0006
'104.019.0007
'104.019.0008
'104.019.0009
'104.020.0001
'104.020.0002
'104.020.0003
'104.020.0004
'104.021.0001
'104.027.0001
'104.027.0002
'104.031.0001
'104.031.0002
'104.032.0001
'104.034.0001
'104.034.0002
'104.034.0003
'104.034.0004
'104.034.0005
'104.034.0006
'104.034.0007
'104.034.0008
'104.035.0001
'104.035.0002
'104.035.0003
'104.046.0001
'104.056.0001
'105.007.0033
'105.007.0035
'105.007.0036
'105.007.0055
'105.007.0056
'105.007.0057
'105.007.0058
'105.007.0059
'105.007.0060
'105.007.0061
'105.007.0062
'105.007.0063
'105.036.0037
'105.041.0013
'105.042.0011
'105.042.0013
'105.045.0010
'105.047.0001
'105.047.0002
'105.047.0003
'105.047.0004
'105.047.0005
'105.047.0006
'105.047.0007
'105.047.0008
'105.047.0009
'105.047.0010
'105.047.0011
'105.047.0012
'105.047.0013
'105.047.0014
'105.047.0015
'105.047.0016
'105.050.0059
'106.002.0001
'106.003.0001
'106.003.0002
'106.007.0001
'106.007.0002
'106.007.0003
'106.007.0004
'106.007.0005
'106.007.0006
'107.001.0001
'107.001.0002
'107.001.0003
'107.001.0004
'107.001.0005
'107.001.0006
'107.001.0007
'107.001.0008
'107.001.0009
'107.001.0010
'107.001.0011
'107.001.0012
'107.001.0013
'107.001.0014
'107.001.0015
'107.001.0016
'107.001.0017
'107.001.0018
'107.001.0019
'107.001.0020
'107.001.0021
'107.001.0022
'208.003.0001
'208.003.0002
'208.003.0003
'208.003.0004
'208.003.0005
'208.003.0006
'208.003.0007
'208.003.0008
'208.003.0009
'208.003.0010
'208.003.0011
'208.003.0012
'208.003.0013
'208.003.0014
'208.003.0015
'208.003.0016
'208.003.0017
'208.003.0018
'208.003.0019
'208.003.0020
'208.003.0021
'208.003.0022
'208.003.0023
'208.003.0024
'208.003.0025
'208.003.0026
'208.003.0027
'208.003.0028
'208.003.0029
'208.003.0030
'208.003.0031
'208.003.0032
'208.003.0033
'208.003.0034
'208.003.0035
'208.003.0036
'208.003.0037
'208.003.0038
'208.003.0039
'208.003.0040
'208.003.0041
'208.003.0042
'208.003.0043
'208.003.0044
'208.003.0045
'208.003.0046
'208.003.0047
'208.003.0048
'208.003.0049
'208.007.0001
'208.020.0001
'208.020.0002
'208.020.0003
'312.001.0001
'313.001.0001
'314.001.0001
'314.001.0002
'315.001.0001
'DIV
'NOTA 1
'NOTA 2
'NOTA 3
'NOTA 4
'NOTA 5
'teste
'104.004.0008
'104.004.0009
'104.004.0010
'104.004.0011
'104.007.0036
'105.058.0002
'105.058.0003
'105.058.0004
'105.058.0005
'105.058.0006
'105.047.0017
'105.007.0064
'63.3825
'63.43189
'63.2830
'63.44362
'63.2631
'104.020.0005
'62-5-929
'62-A-016
'62-7-164
